<?xml version="1.0" encoding="UTF-8"?>
<beans:beans xmlns="http://www.springframework.org/schema/mvc"
	xmlns:xsi="http://www.w3.org/2001/XMLSchema-instance"
	xmlns:beans="http://www.springframework.org/schema/beans"
	xmlns:context="http://www.springframework.org/schema/context"
	xsi:schemaLocation="http://www.springframework.org/schema/mvc https://www.springframework.org/schema/mvc/spring-mvc.xsd
		http://www.springframework.org/schema/beans https://www.springframework.org/schema/beans/spring-beans.xsd
		http://www.springframework.org/schema/context https://www.springframework.org/schema/context/spring-context.xsd">
	<!-- DispatcherServlet Context: defines this servlet's request-processing infrastructure -->
	
	<!-- Enables the Spring MVC @Controller programming model -->
	<annotation-driven />

	<!-- Handles HTTP GET requests for /resources/** by efficiently serving up static resources in the ${webappRoot}/resources directory -->
	<resources mapping="/resources/**" location="/resources/" />

	<!-- Resolves views selected for rendering by @Controllers to .jsp resources in the /WEB-INF/views directory -->
	<beans:bean class="org.springframework.web.servlet.view.InternalResourceViewResolver">
		<beans:property name="prefix" value="/WEB-INF/views/" />
		<beans:property name="suffix" value=".jsp" />
	</beans:bean>
	
	<!-- form에서 enctype="multipart/form-data" 로 들어오는 요청 -->
	<beans:bean
		id="multipartResolver"
		class="org.springframework.web.multipart.commons.CommonsMultipartResolver">
		<beans:property name="defaultEncoding" value="utf-8"/>
		<beans:property name="maxUploadSize" value="10000000"/> <!-- 10M -->
		<beans:property name="maxUploadSizePerFile" value="2000000"/> <!-- 2M -->
		<beans:property name="uploadTempDir" value="file:/D:/upload/tmp"/>
		<beans:property name="maxInMemorySize" value="10000000"/> <!-- 10M -->
	</beans:bean>
	
	 <!-- Controller 패키지 스캔 설정 -->
	
	<context:component-scan base-package="com.teamproject.www.jang.controller" />
	<context:component-scan base-package="com.teamproject.www.lee.controller" />
	<context:component-scan base-package="com.teamproject.www.kim.controller" />
	
	<beans:bean id="loginInterceptor" class="com.chabakchabak.www.lee.interceptor.LoginInterceptor"/>
	<beans:bean id="authInterceptor" class="com.chabakchabak.www.lee.interceptor.AuthInterceptor"/>
	<beans:bean id="unAuthInterceptor" class="com.chabakchabak.www.lee.interceptor.UnAuthInterceptor"/>
	
	<!-- interceptor -->
	<interceptors>
		<interceptor>
			<mapping path="/lee/user/loginRun"/>
			<beans:ref bean="loginInterceptor"/>
		</interceptor>
		
		<interceptor>
		    <!-- /* 매핑하면 ckEditor로 이미지 못불러오는 경우가 생기는듯 -->
		    <!-- 로그인 안했을때 접근금지 -->
			<mapping path="/lee/board/**"/>
			<mapping path="/lee/upload/**"/>
			<mapping path="/lee/chataverse/**"/>
			<mapping path="/lee/user/profile"/>
			<mapping path="/lee/user/profile/**"/>
			<!-- 로그인 안해도 접근 가능 -->
			<exclude-mapping path="/lee/board/list/**"/>
			<exclude-mapping path="/lee/board/detail/**"/>
			<exclude-mapping path="/lee/board/reply/list/*"/>
			<exclude-mapping path="/lee/upload/display/**"/>
			<beans:ref bean="authInterceptor"/>
		</interceptor>
		
		<interceptor>
			<!-- 로그인 했을때 접근금지 --> 
			<mapping path="/lee/user/login"/>
<!-- 			<mapping path="/lee/user/checkUser"/> -->
			<mapping path="/lee/user/loginRun"/>
<!-- 			<mapping path="/lee/user/updatePassword"/> -->
			<mapping path="/lee/user/join"/>
			<mapping path="/lee/user/joinRun"/>
			<mapping path="/lee/user/forgot-id"/>
			<mapping path="/lee/user/forgot-password"/>
			<mapping path="/lee/user/findId"/>
<!-- 			<mapping path="/lee/user/resetPassword"/> -->
			<beans:ref bean="unAuthInterceptor"/>
		</interceptor>
	</interceptors>
	
</beans:beans>
