<?xml version="1.0" encoding="UTF-8"?>
<!DOCTYPE mapper
  PUBLIC "-//mybatis.org//DTD Mapper 3.0//EN"
  "https://mybatis.org/dtd/mybatis-3-mapper.dtd">
  
<mapper namespace="com.chabakchabak.www.lee.mapper.user.UserMapper">
	<!-- 회원가입 -->
	<insert id="join">
		insert into tbl_user(userid, userpw, nickname, email)
		values(#{userid}, #{userpw}, #{nickname}, #{email})
	</insert>
	
	<!-- 가입체크 -->
	<select id="CheckUser" resultType="int">
		select count(*) from tbl_user
		where userid = #{userid} and userpw = #{userpw}
	</select>
	
	<select id="getLoginDto" resultType="LoginDto">
		select userid, userpw, nickname, userlevel, point, profile
		from tbl_user
		where userid = #{userid}
	</select>
	
	<!-- 아이디 가져오기 -->
	<select id="getIdByEmail" resultType="String">
		select userid from tbl_user
		where email = #{email}
	</select>
	
	<!-- 이메일가져오기 -->
	<select id="getEmailById" resultType="String">
		select email from tbl_user
		where userid = #{userid}
	</select>
	
	<!-- 프로필 가져오기 -->
	<select id="getProfileImg" resultType="String">
		select profile from tbl_user
		where userid = #{userid}
	</select>
	
	<!-- update Pw -->
	<update id="updatePw">
		update tbl_user
		set userpw = #{userpw}
		where userid = #{userid}
	</update>
	
	<!-- 프로필 -->
	<!-- 프로필정보 가져오기 -->
	<select id="getProfileDto" resultType="ProfileDto">
		select userid, nickname, email, point, userlevel, profile
		from tbl_user
		where userid = #{userid}
	</select>
	<!-- 프로필 업데이트 -->
	<update id="updateProfile">
		update tbl_user
		set profile = #{profile}
		where userid = #{userid}
	</update>
	<!-- 닉네임 중복조회 -->
	<select id="checkNickname" resultType="Int">
		select count(*) from(select nickname from tbl_user
        where userid != #{userid})
		where nickname = #{nickname}
	</select>
	<!-- 닉네임 업데이트 -->
	<update id="updateNickname">
		update tbl_user
		set nickname = #{nickname}
		where userid = #{userid}
	</update>
	<!-- 이메일 업데이트 -->
	<update id="updateEmail">
		update tbl_user
		set email = #{email}
		where userid = #{userid}
	</update>
		 
	<!-- 포인트 적립 -->
	<insert id="updatePoint">
		update tbl_user
		set point = point + #{point}
		where userid = #{userid}
	</insert>
	<!-- 유저 레벨 포인트 가져오기 -->
	<select id="getLevelPoint" resultType="LevelDto">
		select userlevel, point, profile from tbl_user
		where userid = #{userid}
	</select>
	<!-- 유저레벨 업데이트 -->
	<update id="levelUpdate">
		update tbl_user
		set userlevel = #{userlevel}
		where userid = #{userid}
	</update>
	
</mapper>